{"cameraMode":{"drawMode":0,"name":"Shaded","section":"Shading Mode"},"sceneLighting":true,"audioPlay":false,"sceneViewState":{"showFog":true,"showMaterialUpdate":false,"showSkybox":true,"showFlares":true,"showImageEffects":true,"showParticleSystems":true},"in2DMode":false,"pivot":{"x":2.568286180496216,"y":4.017111778259277,"z":2.8059451580047609},"rotation":{"x":-0.05995921418070793,"y":0.9214957356452942,"z":-0.15800046920776368,"w":-0.3496960699558258},"size":11.881232261657715,"orthographic":false}